{
  "updated_at": "2026-02-22",
  "libraries": {
    "mermaid": {
      "version": "11.12.3",
      "cdn": "https://cdn.jsdelivr.net/npm/mermaid@11.12.3/dist/mermaid.esm.min.mjs",
      "notes": "Use with @mermaid-js/layout-elk and theme='base'."
    },
    "mermaid_layout_elk": {
      "version": "0.2.0",
      "cdn": "https://cdn.jsdelivr.net/npm/@mermaid-js/layout-elk@0.2.0/dist/mermaid-layout-elk.esm.min.mjs",
      "notes": "Required when using layout='elk'."
    },
    "chartjs": {
      "version": "4.5.1",
      "cdn": "https://cdn.jsdelivr.net/npm/chart.js@4.5.1/dist/chart.umd.min.js",
      "notes": "Prefer parsing=false + normalized=true for large datasets."
    },
    "animejs": {
      "version": "4.3.6",
      "cdn": "https://cdn.jsdelivr.net/npm/animejs@4.3.6/lib/anime.min.js",
      "notes": "Optional advanced animation path. Default motion remains CSS-first."
    }
  }
}
